{
	"format_version": "1.12.0",
	"minecraft:geometry": [
		{
			"description": {
				"identifier": "geometry.soldatarion",
				"texture_width": 128,
				"texture_height": 128,
				"visible_bounds_width": 4,
				"visible_bounds_height": 4.5,
				"visible_bounds_offset": [0, 1.75, 0]
			},
			"bones": [
				{
					"name": "arion",
					"pivot": [0, 0, -1]
				},
				{
					"name": "head2",
					"parent": "arion",
					"pivot": [0, 28, 0],
					"cubes": [
						{"origin": [-4, 28, -4], "size": [8, 10, 8], "uv": [0, 0]}
					]
				},
				{
					"name": "helmet",
					"parent": "head2",
					"pivot": [0, 28, 0],
					"cubes": [
						{"origin": [-4, 38, -4], "size": [8, 1, 8], "uv": [50, 22]},
						{"origin": [-4, 28, 4], "size": [8, 11, 1], "uv": [64, 42]},
						{"origin": [-5, 28, -5], "size": [1, 11, 10], "uv": [54, 0]},
						{"origin": [4, 28, -5], "size": [1, 11, 10], "uv": [32, 0]},
						{"origin": [5, 33, 0], "size": [1, 3, 3], "pivot": [6, 37, 1], "rotation": [-30, 0, 0], "uv": [75, 77]},
						{"origin": [-6, 33, 0], "size": [1, 3, 3], "pivot": [-6, 37, 1], "rotation": [-30, 0, 0], "uv": [75, 77]},
						{"origin": [6, 33, 0], "size": [3, 9, 3], "pivot": [7, 37, 1], "rotation": [-30, 0, 0], "uv": [73, 73]},
						{"origin": [-9, 33, 0], "size": [3, 5, 3], "pivot": [-8, 37, 1], "rotation": [-30, 0, 0], "uv": [73, 73]},
						{"origin": [-4, 34, -5], "size": [8, 5, 1], "uv": [0, 18]},
						{"origin": [-1, 32, -5], "size": [2, 2, 1], "uv": [68, 17]}
					]
				},
				{
					"name": "nose",
					"parent": "head2",
					"pivot": [0, 30, 0],
					"cubes": [
						{"origin": [-1, 27, -6], "size": [2, 4, 2], "uv": [34, 0]}
					]
				},
				{
					"name": "righteyebrows",
					"parent": "head2",
					"pivot": [-2.5, 33, -4],
					"rotation": [0, 0, 7.5],
					"cubes": [
						{"origin": [-4, 32, -4.04], "size": [3, 2, 0], "inflate": 0.01, "uv": [122, 0]}
					]
				},
				{
					"name": "lefteyebrows",
					"parent": "head2",
					"pivot": [2.5, 33, -4],
					"rotation": [0, 0, -7.5],
					"cubes": [
						{"origin": [1, 32, -4.04], "size": [3, 2, 0], "inflate": 0.01, "uv": [122, 0], "mirror": true}
					]
				},
				{
					"name": "body2",
					"parent": "arion",
					"pivot": [0, 24, 0],
					"cubes": [
						{"origin": [-5, 6, -3], "size": [10, 23, 6], "uv": [32, 32]},
						{"origin": [-5, 6, -3], "size": [10, 23, 6], "inflate": 0.25, "uv": [0, 32]}
					]
				},
				{
					"name": "right_arm",
					"parent": "body2",
					"pivot": [-5, 27, 0],
					"cubes": [
						{"origin": [-9, 14, -2], "size": [4, 13, 4], "pivot": [-7, 20.5, 0], "rotation": [0, 180, 0], "uv": [16, 72]},
						{"origin": [-9.9, 24, -3], "size": [5, 5, 6], "uv": [64, 31]}
					]
				},
				{
					"name": "emeraldsword",
					"parent": "right_arm",
					"pivot": [-7, 16, 0.5],
					"cubes": [
						{"origin": [-8, 15, -2.5], "size": [2, 2, 6], "uv": [24, 0]},
						{"origin": [-8, 12, -6.5], "size": [2, 2, 2], "uv": [12, 61]},
						{"origin": [-8, 18, -6.5], "size": [2, 2, 2], "uv": [36, 21]},
						{"origin": [-8, 15, -6.5], "size": [2, 2, 2], "uv": [26, 34]},
						{"origin": [-7, 16.1, -32.7], "size": [0, 2, 4], "pivot": [-7, 17.1, -30.7], "rotation": [30, 0, 0], "uv": [30, 17]},
						{"origin": [-7, 13.9, -32.7], "size": [0, 2, 4], "pivot": [-7, 14.9, -30.7], "rotation": [-30, 0, 0], "uv": [22, 28]},
						{"origin": [-7, 17, -29.5], "size": [0, 2, 25], "uv": [0, 5]},
						{"origin": [-7, 13, -29.5], "size": [0, 2, 25], "uv": [0, 0]},
						{"origin": [-7, 15, -32.9], "size": [0, 2, 28.4], "uv": [0, 0]},
						{"origin": [-8, 13, -4.5], "size": [2, 6, 2], "uv": [0, 0]},
						{"origin": [-7.5, 10, -7.5], "size": [1, 6, 2], "pivot": [-7.5, 12, -6.5], "rotation": [-67.5, 0, 0], "uv": [54, 61]},
						{"origin": [-7.5, 18, -5.5], "size": [1, 6, 2], "pivot": [-7.5, 20, -4.5], "rotation": [67.5, 0, 0], "uv": [56, 0]},
						{"origin": [-8, 15, 3.5], "size": [2, 3, 4], "uv": [18, 18]}
					]
				},
				{
					"name": "left_arm",
					"parent": "body2",
					"pivot": [5, 27, -1],
					"mirror": true,
					"cubes": [
						{"origin": [3.7566, 13.81144, -2.41762], "size": [4, 13, 4], "uv": [38, 61], "mirror": false},
						{"origin": [3.6566, 23.81144, -3.41762], "size": [5, 5, 6], "uv": [16, 61], "mirror": false}
					]
				},
				{
					"name": "left_leg",
					"parent": "body2",
					"pivot": [2, 12, 0],
					"mirror": true,
					"cubes": [
						{"origin": [0.7, 0, -2], "size": [4, 15, 4], "uv": [0, 61], "mirror": false}
					]
				},
				{
					"name": "right_leg",
					"parent": "body2",
					"pivot": [-2, 12, 0],
					"cubes": [
						{"origin": [-4.7, 0, -2], "size": [4, 15, 4], "uv": [60, 57]}
					]
				}
			]
		}
	]
}