{
  "overrides": [
    { "model": "minecraft:item/aqua_affinity1", "predicate": {"nbt": { "StoredEnchantments": [{"id": "minecraft:aqua_affinity", "lvl": 1}]}}},
    { "model": "minecraft:item/bane_of_arthropods1", "predicate": {"nbt": { "StoredEnchantments": [{"id": "minecraft:bane_of_arthropods", "lvl": 1}]}}},
    { "model": "minecraft:item/bane_of_arthropods2", "predicate": {"nbt": { "StoredEnchantments": [{"id": "minecraft:bane_of_arthropods", "lvl": 2}]}}},
    { "model": "minecraft:item/bane_of_arthropods3", "predicate": {"nbt": { "StoredEnchantments": [{"id": "minecraft:bane_of_arthropods", "lvl": 3}]}}},
    { "model": "minecraft:item/bane_of_arthropods4", "predicate": {"nbt": { "StoredEnchantments": [{"id": "minecraft:bane_of_arthropods", "lvl": 4}]}}},
    { "model": "minecraft:item/bane_of_arthropods5", "predicate": {"nbt": { "StoredEnchantments": [{"id": "minecraft:bane_of_arthropods", "lvl": 5}]}}},
    { "model": "minecraft:item/binding_curse1", "predicate": {"nbt": { "StoredEnchantments": [{"id": "minecraft:binding_curse", "lvl": 1}]}}},
    { "model": "minecraft:item/blast_protection1", "predicate": {"nbt": { "StoredEnchantments": [{"id": "minecraft:blast_protection", "lvl": 1}]}}},
    { "model": "minecraft:item/blast_protection2", "predicate": {"nbt": { "StoredEnchantments": [{"id": "minecraft:blast_protection", "lvl": 2}]}}},
    { "model": "minecraft:item/blast_protection3", "predicate": {"nbt": { "StoredEnchantments": [{"id": "minecraft:blast_protection", "lvl": 3}]}}},
    { "model": "minecraft:item/blast_protection4", "predicate": {"nbt": { "StoredEnchantments": [{"id": "minecraft:blast_protection", "lvl": 4}]}}},
    { "model": "minecraft:item/channeling1", "predicate": {"nbt": { "StoredEnchantments": [{"id": "minecraft:channeling", "lvl": 1}]}}},
    { "model": "minecraft:item/depth_strider1", "predicate": {"nbt": { "StoredEnchantments": [{"id": "minecraft:depth_strider", "lvl": 1}]}}},
    { "model": "minecraft:item/depth_strider2", "predicate": {"nbt": { "StoredEnchantments": [{"id": "minecraft:depth_strider", "lvl": 2}]}}},
    { "model": "minecraft:item/depth_strider3", "predicate": {"nbt": { "StoredEnchantments": [{"id": "minecraft:depth_strider", "lvl": 3}]}}},
    { "model": "minecraft:item/efficiency1", "predicate": {"nbt": { "StoredEnchantments": [{"id": "minecraft:efficiency", "lvl": 1}]}}},
    { "model": "minecraft:item/efficiency2", "predicate": {"nbt": { "StoredEnchantments": [{"id": "minecraft:efficiency", "lvl": 2}]}}},
    { "model": "minecraft:item/efficiency3", "predicate": {"nbt": { "StoredEnchantments": [{"id": "minecraft:efficiency", "lvl": 3}]}}},
    { "model": "minecraft:item/efficiency4", "predicate": {"nbt": { "StoredEnchantments": [{"id": "minecraft:efficiency", "lvl": 4}]}}},
    { "model": "minecraft:item/efficiency5", "predicate": {"nbt": { "StoredEnchantments": [{"id": "minecraft:efficiency", "lvl": 5}]}}},
    { "model": "minecraft:item/feather_falling1", "predicate": {"nbt": { "StoredEnchantments": [{"id": "minecraft:feather_falling", "lvl": 1}]}}},
    { "model": "minecraft:item/feather_falling2", "predicate": {"nbt": { "StoredEnchantments": [{"id": "minecraft:feather_falling", "lvl": 2}]}}},
    { "model": "minecraft:item/feather_falling3", "predicate": {"nbt": { "StoredEnchantments": [{"id": "minecraft:feather_falling", "lvl": 3}]}}},
    { "model": "minecraft:item/feather_falling4", "predicate": {"nbt": { "StoredEnchantments": [{"id": "minecraft:feather_falling", "lvl": 4}]}}},
    { "model": "minecraft:item/fire_aspect1", "predicate": {"nbt": { "StoredEnchantments": [{"id": "minecraft:fire_aspect", "lvl": 1}]}}},
    { "model": "minecraft:item/fire_aspect2", "predicate": {"nbt": { "StoredEnchantments": [{"id": "minecraft:fire_aspect", "lvl": 2}]}}},
    { "model": "minecraft:item/fire_protection1", "predicate": {"nbt": { "StoredEnchantments": [{"id": "minecraft:fire_protection", "lvl": 1}]}}},
    { "model": "minecraft:item/fire_protection2", "predicate": {"nbt": { "StoredEnchantments": [{"id": "minecraft:fire_protection", "lvl": 2}]}}},
    { "model": "minecraft:item/fire_protection3", "predicate": {"nbt": { "StoredEnchantments": [{"id": "minecraft:fire_protection", "lvl": 3}]}}},
    { "model": "minecraft:item/fire_protection4", "predicate": {"nbt": { "StoredEnchantments": [{"id": "minecraft:fire_protection", "lvl": 4}]}}},
    { "model": "minecraft:item/flame1", "predicate": {"nbt": { "StoredEnchantments": [{"id": "minecraft:flame", "lvl": 1}]}}},
    { "model": "minecraft:item/fortune1", "predicate": {"nbt": { "StoredEnchantments": [{"id": "minecraft:fortune", "lvl": 1}]}}},
    { "model": "minecraft:item/fortune2", "predicate": {"nbt": { "StoredEnchantments": [{"id": "minecraft:fortune", "lvl": 2}]}}},
    { "model": "minecraft:item/fortune3", "predicate": {"nbt": { "StoredEnchantments": [{"id": "minecraft:fortune", "lvl": 3}]}}},
    { "model": "minecraft:item/frost_walker1", "predicate": {"nbt": { "StoredEnchantments": [{"id": "minecraft:frost_walker", "lvl": 1}]}}},
    { "model": "minecraft:item/frost_walker2", "predicate": {"nbt": { "StoredEnchantments": [{"id": "minecraft:frost_walker", "lvl": 2}]}}},
    { "model": "minecraft:item/impaling1", "predicate": {"nbt": { "StoredEnchantments": [{"id": "minecraft:impaling", "lvl": 1}]}}},
    { "model": "minecraft:item/impaling2", "predicate": {"nbt": { "StoredEnchantments": [{"id": "minecraft:impaling", "lvl": 2}]}}},
    { "model": "minecraft:item/impaling3", "predicate": {"nbt": { "StoredEnchantments": [{"id": "minecraft:impaling", "lvl": 3}]}}},
    { "model": "minecraft:item/impaling4", "predicate": {"nbt": { "StoredEnchantments": [{"id": "minecraft:impaling", "lvl": 4}]}}},
    { "model": "minecraft:item/impaling5", "predicate": {"nbt": { "StoredEnchantments": [{"id": "minecraft:impaling", "lvl": 5}]}}},
    { "model": "minecraft:item/infinity1", "predicate": {"nbt": { "StoredEnchantments": [{"id": "minecraft:infinity", "lvl": 1}]}}},
    { "model": "minecraft:item/knockback1", "predicate": {"nbt": { "StoredEnchantments": [{"id": "minecraft:knockback", "lvl": 1}]}}},
    { "model": "minecraft:item/knockback2", "predicate": {"nbt": { "StoredEnchantments": [{"id": "minecraft:knockback", "lvl": 2}]}}},
    { "model": "minecraft:item/looting1", "predicate": {"nbt": { "StoredEnchantments": [{"id": "minecraft:looting", "lvl": 1}]}}},
    { "model": "minecraft:item/looting2", "predicate": {"nbt": { "StoredEnchantments": [{"id": "minecraft:looting", "lvl": 2}]}}},
    { "model": "minecraft:item/looting3", "predicate": {"nbt": { "StoredEnchantments": [{"id": "minecraft:looting", "lvl": 3}]}}},
    { "model": "minecraft:item/loyalty1", "predicate": {"nbt": { "StoredEnchantments": [{"id": "minecraft:loyalty", "lvl": 1}]}}},
    { "model": "minecraft:item/loyalty2", "predicate": {"nbt": { "StoredEnchantments": [{"id": "minecraft:loyalty", "lvl": 2}]}}},
    { "model": "minecraft:item/loyalty3", "predicate": {"nbt": { "StoredEnchantments": [{"id": "minecraft:loyalty", "lvl": 3}]}}},
    { "model": "minecraft:item/luck_of_the_sea1", "predicate": {"nbt": { "StoredEnchantments": [{"id": "minecraft:luck_of_the_sea", "lvl": 1}]}}},
    { "model": "minecraft:item/luck_of_the_sea2", "predicate": {"nbt": { "StoredEnchantments": [{"id": "minecraft:luck_of_the_sea", "lvl": 2}]}}},
    { "model": "minecraft:item/luck_of_the_sea3", "predicate": {"nbt": { "StoredEnchantments": [{"id": "minecraft:luck_of_the_sea", "lvl": 3}]}}},
    { "model": "minecraft:item/lure1", "predicate": {"nbt": { "StoredEnchantments": [{"id": "minecraft:lure", "lvl": 1}]}}},
    { "model": "minecraft:item/lure2", "predicate": {"nbt": { "StoredEnchantments": [{"id": "minecraft:lure", "lvl": 2}]}}},
    { "model": "minecraft:item/lure3", "predicate": {"nbt": { "StoredEnchantments": [{"id": "minecraft:lure", "lvl": 3}]}}},
    { "model": "minecraft:item/mending1", "predicate": {"nbt": { "StoredEnchantments": [{"id": "minecraft:mending", "lvl": 1}]}}},
    { "model": "minecraft:item/multishot1", "predicate": {"nbt": { "StoredEnchantments": [{"id": "minecraft:multishot", "lvl": 1}]}}},
    { "model": "minecraft:item/piercing1", "predicate": {"nbt": { "StoredEnchantments": [{"id": "minecraft:piercing", "lvl": 1}]}}},
    { "model": "minecraft:item/piercing2", "predicate": {"nbt": { "StoredEnchantments": [{"id": "minecraft:piercing", "lvl": 2}]}}},
    { "model": "minecraft:item/piercing3", "predicate": {"nbt": { "StoredEnchantments": [{"id": "minecraft:piercing", "lvl": 3}]}}},
    { "model": "minecraft:item/piercing4", "predicate": {"nbt": { "StoredEnchantments": [{"id": "minecraft:piercing", "lvl": 4}]}}},
    { "model": "minecraft:item/power1", "predicate": {"nbt": { "StoredEnchantments": [{"id": "minecraft:power", "lvl": 1}]}}},
    { "model": "minecraft:item/power2", "predicate": {"nbt": { "StoredEnchantments": [{"id": "minecraft:power", "lvl": 2}]}}},
    { "model": "minecraft:item/power3", "predicate": {"nbt": { "StoredEnchantments": [{"id": "minecraft:power", "lvl": 3}]}}},
    { "model": "minecraft:item/power4", "predicate": {"nbt": { "StoredEnchantments": [{"id": "minecraft:power", "lvl": 4}]}}},
    { "model": "minecraft:item/power5", "predicate": {"nbt": { "StoredEnchantments": [{"id": "minecraft:power", "lvl": 5}]}}},
    { "model": "minecraft:item/projectile_protection1", "predicate": {"nbt": { "StoredEnchantments": [{"id": "minecraft:projectile_protection", "lvl": 1}]}}},
    { "model": "minecraft:item/projectile_protection2", "predicate": {"nbt": { "StoredEnchantments": [{"id": "minecraft:projectile_protection", "lvl": 2}]}}},
    { "model": "minecraft:item/projectile_protection3", "predicate": {"nbt": { "StoredEnchantments": [{"id": "minecraft:projectile_protection", "lvl": 3}]}}},
    { "model": "minecraft:item/projectile_protection4", "predicate": {"nbt": { "StoredEnchantments": [{"id": "minecraft:projectile_protection", "lvl": 4}]}}},
    { "model": "minecraft:item/protection1", "predicate": {"nbt": { "StoredEnchantments": [{"id": "minecraft:protection", "lvl": 1}]}}},
    { "model": "minecraft:item/protection2", "predicate": {"nbt": { "StoredEnchantments": [{"id": "minecraft:protection", "lvl": 2}]}}},
    { "model": "minecraft:item/protection3", "predicate": {"nbt": { "StoredEnchantments": [{"id": "minecraft:protection", "lvl": 3}]}}},
    { "model": "minecraft:item/protection4", "predicate": {"nbt": { "StoredEnchantments": [{"id": "minecraft:protection", "lvl": 4}]}}},
    { "model": "minecraft:item/punch1", "predicate": {"nbt": { "StoredEnchantments": [{"id": "minecraft:punch", "lvl": 1}]}}},
    { "model": "minecraft:item/punch2", "predicate": {"nbt": { "StoredEnchantments": [{"id": "minecraft:punch", "lvl": 2}]}}},
    { "model": "minecraft:item/quick_charge1", "predicate": {"nbt": { "StoredEnchantments": [{"id": "minecraft:quick_charge", "lvl": 1}]}}},
    { "model": "minecraft:item/quick_charge2", "predicate": {"nbt": { "StoredEnchantments": [{"id": "minecraft:quick_charge", "lvl": 2}]}}},
    { "model": "minecraft:item/quick_charge3", "predicate": {"nbt": { "StoredEnchantments": [{"id": "minecraft:quick_charge", "lvl": 3}]}}},
    { "model": "minecraft:item/respiration1", "predicate": {"nbt": { "StoredEnchantments": [{"id": "minecraft:respiration", "lvl": 1}]}}},
    { "model": "minecraft:item/respiration2", "predicate": {"nbt": { "StoredEnchantments": [{"id": "minecraft:respiration", "lvl": 2}]}}},
    { "model": "minecraft:item/respiration3", "predicate": {"nbt": { "StoredEnchantments": [{"id": "minecraft:respiration", "lvl": 3}]}}},
    { "model": "minecraft:item/riptide1", "predicate": {"nbt": { "StoredEnchantments": [{"id": "minecraft:riptide", "lvl": 1}]}}},
    { "model": "minecraft:item/riptide2", "predicate": {"nbt": { "StoredEnchantments": [{"id": "minecraft:riptide", "lvl": 2}]}}},
    { "model": "minecraft:item/riptide3", "predicate": {"nbt": { "StoredEnchantments": [{"id": "minecraft:riptide", "lvl": 3}]}}},
    { "model": "minecraft:item/sharpness1", "predicate": {"nbt": { "StoredEnchantments": [{"id": "minecraft:sharpness", "lvl": 1}]}}},
    { "model": "minecraft:item/sharpness2", "predicate": {"nbt": { "StoredEnchantments": [{"id": "minecraft:sharpness", "lvl": 2}]}}},
    { "model": "minecraft:item/sharpness3", "predicate": {"nbt": { "StoredEnchantments": [{"id": "minecraft:sharpness", "lvl": 3}]}}},
    { "model": "minecraft:item/sharpness4", "predicate": {"nbt": { "StoredEnchantments": [{"id": "minecraft:sharpness", "lvl": 4}]}}},
    { "model": "minecraft:item/sharpness5", "predicate": {"nbt": { "StoredEnchantments": [{"id": "minecraft:sharpness", "lvl": 5}]}}},
    { "model": "minecraft:item/silk_touch1", "predicate": {"nbt": { "StoredEnchantments": [{"id": "minecraft:silk_touch", "lvl": 1}]}}},
    { "model": "minecraft:item/soul_speed1", "predicate": {"nbt": { "StoredEnchantments": [{"id": "minecraft:soul_speed", "lvl": 1}]}}},
    { "model": "minecraft:item/soul_speed2", "predicate": {"nbt": { "StoredEnchantments": [{"id": "minecraft:soul_speed", "lvl": 2}]}}},
    { "model": "minecraft:item/soul_speed3", "predicate": {"nbt": { "StoredEnchantments": [{"id": "minecraft:soul_speed", "lvl": 3}]}}},
    { "model": "minecraft:item/smite1", "predicate": {"nbt": { "StoredEnchantments": [{"id": "minecraft:smite", "lvl": 1}]}}},
    { "model": "minecraft:item/smite2", "predicate": {"nbt": { "StoredEnchantments": [{"id": "minecraft:smite", "lvl": 2}]}}},
    { "model": "minecraft:item/smite3", "predicate": {"nbt": { "StoredEnchantments": [{"id": "minecraft:smite", "lvl": 3}]}}},
    { "model": "minecraft:item/smite4", "predicate": {"nbt": { "StoredEnchantments": [{"id": "minecraft:smite", "lvl": 4}]}}},
    { "model": "minecraft:item/smite5", "predicate": {"nbt": { "StoredEnchantments": [{"id": "minecraft:smite", "lvl": 5}]}}},
    { "model": "minecraft:item/sweeping1", "predicate": {"nbt": { "StoredEnchantments": [{"id": "minecraft:sweeping", "lvl": 1}]}}},
    { "model": "minecraft:item/sweeping2", "predicate": {"nbt": { "StoredEnchantments": [{"id": "minecraft:sweeping", "lvl": 2}]}}},
    { "model": "minecraft:item/sweeping3", "predicate": {"nbt": { "StoredEnchantments": [{"id": "minecraft:sweeping", "lvl": 3}]}}},
    { "model": "minecraft:item/thorns1", "predicate": {"nbt": { "StoredEnchantments": [{"id": "minecraft:thorns", "lvl": 1}]}}},
    { "model": "minecraft:item/thorns2", "predicate": {"nbt": { "StoredEnchantments": [{"id": "minecraft:thorns", "lvl": 2}]}}},
    { "model": "minecraft:item/thorns3", "predicate": {"nbt": { "StoredEnchantments": [{"id": "minecraft:thorns", "lvl": 3}]}}},
    { "model": "minecraft:item/unbreaking1", "predicate": {"nbt": { "StoredEnchantments": [{"id": "minecraft:unbreaking", "lvl": 1}]}}},
    { "model": "minecraft:item/unbreaking2", "predicate": {"nbt": { "StoredEnchantments": [{"id": "minecraft:unbreaking", "lvl": 2}]}}},
    { "model": "minecraft:item/unbreaking3", "predicate": {"nbt": { "StoredEnchantments": [{"id": "minecraft:unbreaking", "lvl": 3}]}}},
    { "model": "minecraft:item/vanishing_curse1", "predicate": {"nbt": { "StoredEnchantments": [{"id": "minecraft:vanishing_curse", "lvl": 1}]}}}
  ]
}